{"cameraMode":{"drawMode":0,"name":"Shaded","section":"Shading Mode"},"sceneLighting":false,"audioPlay":false,"sceneViewState":{"showFog":true,"showMaterialUpdate":true,"showSkybox":false,"showFlares":true,"showImageEffects":true,"showParticleSystems":true},"in2DMode":false,"pivot":{"x":0.007602609694004059,"y":0.2678911089897156,"z":0.0027946531772613527},"rotation":{"x":0.010668175294995308,"y":-0.9891325235366821,"z":0.11325186491012573,"w":0.09315143525600434},"size":1.394980788230896,"orthographic":false}