{"cameraMode":{"drawMode":0,"name":"Shaded","section":"Shading Mode"},"sceneLighting":false,"audioPlay":false,"sceneViewState":{"showFog":true,"showMaterialUpdate":true,"showSkybox":false,"showFlares":true,"showImageEffects":true,"showParticleSystems":true},"in2DMode":false,"pivot":{"x":-3.2880001068115236,"y":0.7890000343322754,"z":4.050000190734863},"rotation":{"x":0.333479106426239,"y":0.3820621073246002,"z":-0.15012456476688386,"w":0.8486948013305664},"size":3.902336835861206,"orthographic":false}